Produit;Désignation;Date rupture;Date rupture avec Dotation Atelier;Type BDL;Commentaire
9802910880;PAS ROU ARD EURO;09/11/2015 14:10;09/11/2015 14:10;C;
9640968080;DOUB.CAPOT D2;05/11/2015 12:36;05/11/2015 12:36;C;
9644996980;PEAU COFFRE D23;22/10/2015 20:21;22/10/2015 20:21;C;
9816218380;CABLE NEG BAT EF;03/11/2015 05:39;03/11/2015 05:39;C;Domaine 90
9816218580;CABLE NEG BAT EF;03/11/2015 05:39;03/11/2015 05:39;C;Domaine 90 DMS 31/08/15 VIGO prepa BA
9813825280;INJ LIQ SCR ENS;03/11/2015 08:35;03/11/2015 08:35;C;Paramétrie attention dans CORAIL
9811883680;CABLE NEG BATT;05/11/2015 05:39;05/11/2015 05:39;C;DOM 90
9814740480;BECB PF1;05/11/2015 05:39;05/11/2015 05:39;C;DOM 90 Poissy 02/16
9816283780;CABLE NEG BATT;05/11/2015 05:39;05/11/2015 05:39;C;DOM 90
9816283580;CABLE NEG BATT;05/11/2015 05:39;05/11/2015 05:39;C;DOM 90
9816233680;CABLE - BATTERIE;03/11/2015 05:39;03/11/2015 05:39;C;Dom 90 DMS 02/2016 Sevel
9816283880;CABLE NEG BATT;05/11/2015 05:39;05/11/2015 05:39;C;DOM 90
9677315280;CABLE MASSE;03/11/2015 05:39;03/11/2015 05:39;C;
9677717680;CABLE NEG BATT;05/11/2015 05:39;05/11/2015 05:39;C;
9804849480;CABLE MASSE DMTC;03/11/2015 05:39;03/11/2015 05:39;C;
9805688380;CABLE - BATTERIE;03/11/2015 14:49;03/11/2015 14:49;C;
9811509180;CABLE NEG BATT;03/11/2015 05:39;03/11/2015 05:39;C;
9811509680;CABLE NEG BATT;03/11/2015 05:39;03/11/2015 05:39;C;
9811510180;CABLE NEG BATT;03/11/2015 05:39;03/11/2015 05:39;C;
9811510280;CABLE NEG BATT;03/11/2015 05:39;03/11/2015 05:39;C;
9811510380;CABLE NEG BATT;03/11/2015 05:39;03/11/2015 05:39;C;
9816218480;CABLE NEG BAT EF;03/11/2015 05:39;03/11/2015 05:39;C;
T803724022;ALCOOL éTHYL 5L;22/10/2015 20:21;22/10/2015 20:21;C;conso maestro non conforme à conso réelle
T845201661;GRAISSE N4128;22/10/2015 20:21;22/10/2015 20:21;C;ne pas commander
Z000241037;SAVON RENOLIT;05/11/2015 10:00;05/11/2015 10:00;C;conso maestro non conforme à conso réelle
Z000495429;LUBRIFIANT;10/11/2015 14:00;10/11/2015 14:00;C;
Z0A0006750;FILM POLYPROPYLE;10/11/2015 10:00;10/11/2015 10:00;C;24 bien reçu le 12/10/15
Z0A0025684;PRIMAIRE AP111;22/10/2015 20:21;22/10/2015 20:21;C;
98027680XT;PLAFONNIER;04/11/2015 09:06;04/11/2015 09:06;C;taxi demandé pour le 03/11/15 6h
9804833280;BECB;22/10/2015 20:21;22/10/2015 20:21;C;
968822991S;ENJ.LAT D MOKA;03/11/2015 07:00;03/11/2015 07:00;C;
968823001S;ENJ.LAT G MOKA;22/10/2015 20:21;22/10/2015 20:21;C;
9814766980;COMBIN{ PDB;04/11/2015 08:00;04/11/2015 08:00;C;Monte des anciennes? Russie DAD?
9815523280;BECB;03/11/2015 05:39;03/11/2015 05:39;C;domaine90
9460136680;N°GESTION CATA;22/10/2015 20:21;22/10/2015 20:21;C;non géré
T803740151;SOLVANT A.B.G.;22/10/2015 20:21;22/10/2015 20:21;C;
Z0A0003281;VERNIS PU 2K SC;03/11/2015 07:00;03/11/2015 07:00;C;conso maestro non conforme à conso réelle
Z0A0018682;ABG QUARON CONT.;22/10/2015 20:21;22/10/2015 20:21;C;allo centrale D8 308612
